time_s,envelope_v,label,event
0.00,0.3925,rest,rest
0.02,0.3881,rest,rest
0.04,0.4113,rest,rest
0.06,0.3764,rest,rest
0.08,0.3602,rest,rest
0.10,0.3842,rest,rest
0.12,0.3756,rest,rest
0.14,0.3632,rest,rest
0.16,0.4000,rest,rest
0.18,0.3537,rest,rest
0.20,0.3847,rest,rest
0.22,0.3542,rest,rest
0.24,0.3885,rest,rest
0.26,0.4010,rest,rest
0.28,0.3789,rest,rest
0.30,0.3554,rest,rest
0.32,0.4345,rest,rest
0.34,0.3874,rest,rest
0.36,0.3652,rest,rest
0.38,0.3890,rest,rest
0.40,0.3544,rest,rest
0.42,0.3820,rest,rest
0.44,0.4071,rest,rest
0.46,0.3636,rest,rest
0.48,0.3947,rest,rest
0.50,0.4177,rest,rest
0.52,0.4340,rest,rest
0.54,0.4043,rest,rest
0.56,0.3511,rest,rest
0.58,0.3933,rest,rest
0.60,0.3434,rest,rest
0.62,0.3686,rest,rest
0.64,0.3840,rest,rest
0.66,0.3771,rest,rest
0.68,0.3683,rest,rest
0.70,0.3293,rest,rest
0.72,0.4073,rest,rest
0.74,0.3480,rest,rest
0.76,0.4074,rest,rest
0.78,0.4320,rest,rest
0.80,0.3588,rest,rest
0.82,0.3891,rest,rest
0.84,0.3502,rest,rest
0.86,0.3769,rest,rest
0.88,0.3800,rest,rest
0.90,0.3922,rest,rest
0.92,0.3882,rest,rest
0.94,0.4063,rest,rest
0.96,0.3579,rest,rest
0.98,0.3445,rest,rest
1.00,0.3909,rest,rest
1.02,0.4018,rest,rest
1.04,0.4112,rest,rest
1.06,0.3678,rest,rest
1.08,0.4162,rest,rest
1.10,0.3651,rest,rest
1.12,0.3896,rest,rest
1.14,0.4157,rest,rest
1.16,0.3811,rest,rest
1.18,0.4548,rest,rest
1.20,0.3556,rest,rest
1.22,0.3650,rest,rest
1.24,0.3883,rest,rest
1.26,0.4051,rest,rest
1.28,0.3904,rest,rest
1.30,0.3906,rest,rest
1.32,0.4030,rest,rest
1.34,0.3874,rest,rest
1.36,0.4086,rest,rest
1.38,0.3570,rest,rest
1.40,0.3648,rest,rest
1.42,0.4337,rest,rest
1.44,0.4139,rest,rest
1.46,0.3911,rest,rest
1.48,0.3827,rest,rest
1.50,0.4549,rest,rest
1.52,0.3794,rest,rest
1.54,0.3894,rest,rest
1.56,0.3743,rest,rest
1.58,0.3957,rest,rest
1.60,0.4028,rest,rest
1.62,0.4016,rest,rest
1.64,0.3856,rest,rest
1.66,0.4223,rest,rest
1.68,0.4025,rest,rest
1.70,0.4113,rest,rest
1.72,0.3500,rest,rest
1.74,0.3865,rest,rest
1.76,0.3490,rest,rest
1.78,0.3923,rest,rest
1.80,0.3433,rest,rest
1.82,0.4199,rest,rest
1.84,0.3539,rest,rest
1.86,0.3967,rest,rest
1.88,0.4062,rest,rest
1.90,0.3687,rest,rest
1.92,0.4047,rest,rest
1.94,0.3981,rest,rest
1.96,0.3737,rest,rest
1.98,0.4129,rest,rest
2.00,0.3901,rest,rest
2.02,0.4056,rest,rest
2.04,0.4295,rest,rest
2.06,0.4377,rest,rest
2.08,0.4039,rest,rest
2.10,0.3993,rest,rest
2.12,0.3994,rest,rest
2.14,0.4119,rest,rest
2.16,0.3960,rest,rest
2.18,0.3689,rest,rest
2.20,0.3565,rest,rest
2.22,0.3684,rest,rest
2.24,0.3873,rest,rest
2.26,0.4126,rest,rest
2.28,0.4113,rest,rest
2.30,0.3910,rest,rest
2.32,0.3990,rest,rest
2.34,0.4203,rest,rest
2.36,0.3602,rest,rest
2.38,0.4234,rest,rest
2.40,0.4119,rest,rest
2.42,0.3983,rest,rest
2.44,0.4533,rest,rest
2.46,0.3870,rest,rest
2.48,0.3996,rest,rest
2.50,0.3998,rest,rest
2.52,0.3768,rest,rest
2.54,0.4211,rest,rest
2.56,0.3861,rest,rest
2.58,0.3701,rest,rest
2.60,0.3884,rest,rest
2.62,0.4191,rest,rest
2.64,0.3741,rest,rest
2.66,0.3783,rest,rest
2.68,0.3991,rest,rest
2.70,0.3721,rest,rest
2.72,0.4231,rest,rest
2.74,0.3850,rest,rest
2.76,0.4159,rest,rest
2.78,0.3982,rest,rest
2.80,0.3860,rest,rest
2.82,0.3989,rest,rest
2.84,0.4336,rest,rest
2.86,0.4002,rest,rest
2.88,0.3849,rest,rest
2.90,0.4093,rest,rest
2.92,0.4212,rest,rest
2.94,0.4015,rest,rest
2.96,0.3866,rest,rest
2.98,0.3740,rest,rest
3.00,0.4069,rest,rest
3.02,0.4119,rest,rest
3.04,0.4246,rest,rest
3.06,0.3994,rest,rest
3.08,0.3319,rest,rest
3.10,0.3674,rest,rest
3.12,0.3880,rest,rest
3.14,0.3983,rest,rest
3.16,0.3722,rest,rest
3.18,0.3635,rest,rest
3.20,0.3763,rest,rest
3.22,0.4030,rest,rest
3.24,0.4158,rest,rest
3.26,0.4178,rest,rest
3.28,0.3924,rest,rest
3.30,0.4114,rest,rest
3.32,0.3664,rest,rest
3.34,0.3561,rest,rest
3.36,0.3629,rest,rest
3.38,0.4307,rest,rest
3.40,0.3606,rest,rest
3.42,0.3547,rest,rest
3.44,0.4254,rest,rest
3.46,0.3625,rest,rest
3.48,0.4172,rest,rest
3.50,0.4141,rest,rest
3.52,0.3968,rest,rest
3.54,0.4087,rest,rest
3.56,0.4033,rest,rest
3.58,0.4207,rest,rest
3.60,0.3841,rest,rest
3.62,0.4402,rest,rest
3.64,0.4272,rest,rest
3.66,0.3832,rest,rest
3.68,0.3961,rest,rest
3.70,0.4114,rest,rest
3.72,0.3816,rest,rest
3.74,0.4021,rest,rest
3.76,0.4111,rest,rest
3.78,0.3881,rest,rest
3.80,0.3997,rest,rest
3.82,0.3627,rest,rest
3.84,0.3639,rest,rest
3.86,0.4183,rest,rest
3.88,0.4555,rest,rest
3.90,0.4048,rest,rest
3.92,0.4126,rest,rest
3.94,0.4356,rest,rest
3.96,0.3746,rest,rest
3.98,0.4197,rest,rest
4.00,0.4300,rest,rest
4.02,0.4088,rest,rest
4.04,0.4284,rest,rest
4.06,0.3676,rest,rest
4.08,0.3562,rest,rest
4.10,0.3442,rest,rest
4.12,0.4235,rest,rest
4.14,0.3812,rest,rest
4.16,0.3725,rest,rest
4.18,0.3833,rest,rest
4.20,0.4183,rest,rest
4.22,0.3705,rest,rest
4.24,0.4301,rest,rest
4.26,0.3824,rest,rest
4.28,0.4080,rest,rest
4.30,0.4066,rest,rest
4.32,0.3816,rest,rest
4.34,0.3709,rest,rest
4.36,0.4139,rest,rest
4.38,0.4172,rest,rest
4.40,0.4621,rest,rest
4.42,0.4450,rest,rest
4.44,0.4154,rest,rest
4.46,0.4308,rest,rest
4.48,0.3605,rest,rest
4.50,0.4345,rest,rest
4.52,0.3964,rest,rest
4.54,0.4033,rest,rest
4.56,0.3934,rest,rest
4.58,0.4272,rest,rest
4.60,0.3946,rest,rest
4.62,0.4140,rest,rest
4.64,0.3468,rest,rest
4.66,0.4140,rest,rest
4.68,0.4027,rest,rest
4.70,0.4360,rest,rest
4.72,0.3828,rest,rest
4.74,0.3982,rest,rest
4.76,0.3735,rest,rest
4.78,0.3946,rest,rest
4.80,0.4084,rest,rest
4.82,0.4139,rest,rest
4.84,0.3930,rest,rest
4.86,0.4265,rest,rest
4.88,0.4052,rest,rest
4.90,0.3859,rest,rest
4.92,0.4290,rest,rest
4.94,0.4251,rest,rest
4.96,0.3886,rest,rest
4.98,0.4066,rest,rest
5.00,0.4062,rest,rest
5.02,0.4013,rest,rest
5.04,0.3978,rest,rest
5.06,0.3945,rest,rest
5.08,0.3912,rest,rest
5.10,0.4253,rest,rest
5.12,0.3780,rest,rest
5.14,0.4357,rest,rest
5.16,0.4350,rest,rest
5.18,0.4258,rest,rest
5.20,0.3867,rest,rest
5.22,0.4295,rest,rest
5.24,0.4051,rest,rest
5.26,0.3937,rest,rest
5.28,0.4213,rest,rest
5.30,0.3600,rest,rest
5.32,0.3661,rest,rest
5.34,0.4142,rest,rest
5.36,0.3925,rest,rest
5.38,0.4040,rest,rest
5.40,0.4116,rest,rest
5.42,0.4230,rest,rest
5.44,0.3430,rest,rest
5.46,0.4482,rest,rest
5.48,0.3697,rest,rest
5.50,0.3815,rest,rest
5.52,0.4095,rest,rest
5.54,0.3859,rest,rest
5.56,0.4306,rest,rest
5.58,0.4236,rest,rest
5.60,0.4276,rest,rest
5.62,0.3974,rest,rest
5.64,0.4033,rest,rest
5.66,0.3986,rest,rest
5.68,0.4333,rest,rest
5.70,0.3997,rest,rest
5.72,0.3936,rest,rest
5.74,0.3889,rest,rest
5.76,0.4162,rest,rest
5.78,0.4479,rest,rest
5.80,0.4271,rest,rest
5.82,0.3624,rest,rest
5.84,0.4042,rest,rest
5.86,0.4393,rest,rest
5.88,0.4216,rest,rest
5.90,0.4436,rest,rest
5.92,0.3694,rest,rest
5.94,0.4344,rest,rest
5.96,0.3802,rest,rest
5.98,0.3961,rest,rest
6.00,0.4133,flex,flex_1
6.02,0.6127,flex,flex_1
6.04,0.5475,flex,flex_1
6.06,0.7064,flex,flex_1
6.08,0.6824,flex,flex_1
6.10,0.6492,flex,flex_1
6.12,0.9092,flex,flex_1
6.14,0.9957,flex,flex_1
6.16,0.9490,flex,flex_1
6.18,0.9711,flex,flex_1
6.20,1.0284,flex,flex_1
6.22,1.3425,flex,flex_1
6.24,1.2266,flex,flex_1
6.26,1.3632,flex,flex_1
6.28,1.2990,flex,flex_1
6.30,1.3198,flex,flex_1
6.32,1.3110,flex,flex_1
6.34,1.4123,flex,flex_1
6.36,1.3103,flex,flex_1
6.38,1.4133,flex,flex_1
6.40,1.4092,flex,flex_1
6.42,1.3126,flex,flex_1
6.44,1.4534,flex,flex_1
6.46,1.5191,flex,flex_1
6.48,1.5052,flex,flex_1
6.50,1.4308,flex,flex_1
6.52,1.5489,flex,flex_1
6.54,1.4924,flex,flex_1
6.56,1.5024,flex,flex_1
6.58,1.6307,flex,flex_1
6.60,1.5451,flex,flex_1
6.62,1.5518,flex,flex_1
6.64,1.5747,flex,flex_1
6.66,1.6486,flex,flex_1
6.68,1.4196,flex,flex_1
6.70,1.5525,flex,flex_1
6.72,1.4771,flex,flex_1
6.74,1.3751,flex,flex_1
6.76,1.4912,flex,flex_1
6.78,1.4687,flex,flex_1
6.80,1.5311,flex,flex_1
6.82,1.4006,flex,flex_1
6.84,1.3564,flex,flex_1
6.86,1.3624,flex,flex_1
6.88,1.3407,flex,flex_1
6.90,1.2544,flex,flex_1
6.92,1.3292,flex,flex_1
6.94,1.1929,flex,flex_1
6.96,1.3370,flex,flex_1
6.98,1.2122,flex,flex_1
7.00,1.3116,flex,flex_1
7.02,1.3125,flex,flex_1
7.04,1.4394,flex,flex_1
7.06,1.3586,flex,flex_1
7.08,1.2964,flex,flex_1
7.10,1.3939,flex,flex_1
7.12,1.3307,flex,flex_1
7.14,1.4352,flex,flex_1
7.16,1.4637,flex,flex_1
7.18,1.4850,flex,flex_1
7.20,1.3993,flex,flex_1
7.22,1.4964,flex,flex_1
7.24,1.6054,flex,flex_1
7.26,1.3928,flex,flex_1
7.28,1.5648,flex,flex_1
7.30,1.4860,flex,flex_1
7.32,1.4680,flex,flex_1
7.34,1.5692,flex,flex_1
7.36,1.4856,flex,flex_1
7.38,1.5186,flex,flex_1
7.40,1.4558,flex,flex_1
7.42,1.4704,flex,flex_1
7.44,1.3840,flex,flex_1
7.46,1.5201,flex,flex_1
7.48,1.4986,flex,flex_1
7.50,1.4666,flex,flex_1
7.52,1.4277,flex,flex_1
7.54,1.3706,flex,flex_1
7.56,1.3092,flex,flex_1
7.58,1.4150,flex,flex_1
7.60,1.2205,flex,flex_1
7.62,1.2294,flex,flex_1
7.64,1.3103,flex,flex_1
7.66,1.3702,flex,flex_1
7.68,1.2524,flex,flex_1
7.70,1.1201,flex,flex_1
7.72,1.3536,flex,flex_1
7.74,1.3976,flex,flex_1
7.76,1.4322,flex,flex_1
7.78,1.3132,flex,flex_1
7.80,1.3127,flex,flex_1
7.82,1.4783,flex,flex_1
7.84,1.4445,flex,flex_1
7.86,1.3365,flex,flex_1
7.88,1.4182,flex,flex_1
7.90,1.5202,flex,flex_1
7.92,1.4079,flex,flex_1
7.94,1.4881,flex,flex_1
7.96,1.5912,flex,flex_1
7.98,1.5095,flex,flex_1
8.00,1.5728,flex,flex_1
8.02,1.5011,flex,flex_1
8.04,1.5184,flex,flex_1
8.06,1.4729,flex,flex_1
8.08,1.5158,flex,flex_1
8.10,1.6145,flex,flex_1
8.12,1.5878,flex,flex_1
8.14,1.5654,flex,flex_1
8.16,1.4740,flex,flex_1
8.18,1.3647,flex,flex_1
8.20,1.5617,flex,flex_1
8.22,1.3806,flex,flex_1
8.24,1.3878,flex,flex_1
8.26,1.3249,flex,flex_1
8.28,1.3527,flex,flex_1
8.30,1.4258,flex,flex_1
8.32,1.3102,flex,flex_1
8.34,1.3752,flex,flex_1
8.36,1.3621,flex,flex_1
8.38,1.3592,flex,flex_1
8.40,1.3226,flex,flex_1
8.42,1.2292,flex,flex_1
8.44,1.1864,flex,flex_1
8.46,1.3634,flex,flex_1
8.48,1.4115,flex,flex_1
8.50,1.3200,flex,flex_1
8.52,1.4491,flex,flex_1
8.54,1.3521,flex,flex_1
8.56,1.3216,flex,flex_1
8.58,1.4324,flex,flex_1
8.60,1.4087,flex,flex_1
8.62,1.4541,flex,flex_1
8.64,1.4694,flex,flex_1
8.66,1.4637,flex,flex_1
8.68,1.4001,flex,flex_1
8.70,1.3537,flex,flex_1
8.72,1.3158,flex,flex_1
8.74,1.1918,flex,flex_1
8.76,1.2081,flex,flex_1
8.78,1.1160,flex,flex_1
8.80,1.0519,flex,flex_1
8.82,0.9454,flex,flex_1
8.84,0.8833,flex,flex_1
8.86,0.9485,flex,flex_1
8.88,0.7915,flex,flex_1
8.90,0.7258,flex,flex_1
8.92,0.7066,flex,flex_1
8.94,0.4927,flex,flex_1
8.96,0.6239,flex,flex_1
8.98,0.4757,flex,flex_1
9.00,0.3779,rest,rest
9.02,0.3919,rest,rest
9.04,0.3506,rest,rest
9.06,0.4203,rest,rest
9.08,0.3824,rest,rest
9.10,0.4255,rest,rest
9.12,0.3923,rest,rest
9.14,0.4280,rest,rest
9.16,0.4057,rest,rest
9.18,0.3980,rest,rest
9.20,0.4314,rest,rest
9.22,0.3828,rest,rest
9.24,0.3841,rest,rest
9.26,0.4037,rest,rest
9.28,0.3902,rest,rest
9.30,0.3937,rest,rest
9.32,0.4066,rest,rest
9.34,0.4142,rest,rest
9.36,0.4107,rest,rest
9.38,0.3798,rest,rest
9.40,0.4071,rest,rest
9.42,0.3853,rest,rest
9.44,0.3909,rest,rest
9.46,0.4056,rest,rest
9.48,0.4211,rest,rest
9.50,0.4125,rest,rest
9.52,0.3983,rest,rest
9.54,0.3891,rest,rest
9.56,0.3708,rest,rest
9.58,0.3641,rest,rest
9.60,0.3784,rest,rest
9.62,0.3997,rest,rest
9.64,0.4105,rest,rest
9.66,0.3999,rest,rest
9.68,0.3868,rest,rest
9.70,0.3932,rest,rest
9.72,0.3955,rest,rest
9.74,0.4025,rest,rest
9.76,0.3805,rest,rest
9.78,0.3905,rest,rest
9.80,0.3851,rest,rest
9.82,0.4122,rest,rest
9.84,0.3991,rest,rest
9.86,0.3969,rest,rest
9.88,0.3921,rest,rest
9.90,0.3787,rest,rest
9.92,0.3889,rest,rest
9.94,0.3918,rest,rest
9.96,0.4056,rest,rest
9.98,0.3457,rest,rest
10.00,0.3823,rest,rest
10.02,0.4250,rest,rest
10.04,0.3983,rest,rest
10.06,0.4400,rest,rest
10.08,0.3577,rest,rest
10.10,0.3740,rest,rest
10.12,0.3917,rest,rest
10.14,0.3954,rest,rest
10.16,0.4052,rest,rest
10.18,0.4182,rest,rest
10.20,0.4025,rest,rest
10.22,0.3902,rest,rest
10.24,0.3797,rest,rest
10.26,0.3661,rest,rest
10.28,0.3787,rest,rest
10.30,0.3692,rest,rest
10.32,0.4201,rest,rest
10.34,0.3806,rest,rest
10.36,0.3907,rest,rest
10.38,0.3447,rest,rest
10.40,0.3628,rest,rest
10.42,0.4315,rest,rest
10.44,0.4052,rest,rest
10.46,0.3762,rest,rest
10.48,0.3511,rest,rest
10.50,0.3598,rest,rest
10.52,0.3548,rest,rest
10.54,0.3472,rest,rest
10.56,0.3935,rest,rest
10.58,0.3829,rest,rest
10.60,0.3350,rest,rest
10.62,0.4037,rest,rest
10.64,0.3507,rest,rest
10.66,0.3678,rest,rest
10.68,0.3659,rest,rest
10.70,0.3742,rest,rest
10.72,0.3952,rest,rest
10.74,0.4016,rest,rest
10.76,0.4173,rest,rest
10.78,0.3756,rest,rest
10.80,0.3947,rest,rest
10.82,0.4354,rest,rest
10.84,0.3808,rest,rest
10.86,0.3416,rest,rest
10.88,0.3620,rest,rest
10.90,0.3781,rest,rest
10.92,0.4509,rest,rest
10.94,0.3627,rest,rest
10.96,0.3645,rest,rest
10.98,0.3900,rest,rest
11.00,0.3651,rest,rest
11.02,0.3933,rest,rest
11.04,0.3899,rest,rest
11.06,0.3836,rest,rest
11.08,0.3425,rest,rest
11.10,0.3926,rest,rest
11.12,0.3517,rest,rest
11.14,0.4087,rest,rest
11.16,0.4141,rest,rest
11.18,0.3979,rest,rest
11.20,0.3876,rest,rest
11.22,0.3918,rest,rest
11.24,0.4204,rest,rest
11.26,0.3649,rest,rest
11.28,0.3650,rest,rest
11.30,0.3795,rest,rest
11.32,0.3968,rest,rest
11.34,0.3597,rest,rest
11.36,0.4088,rest,rest
11.38,0.3951,rest,rest
11.40,0.3766,rest,rest
11.42,0.3999,rest,rest
11.44,0.3633,rest,rest
11.46,0.3405,rest,rest
11.48,0.3693,rest,rest
11.50,0.4069,rest,rest
11.52,0.3649,rest,rest
11.54,0.3793,rest,rest
11.56,0.3797,rest,rest
11.58,0.3886,rest,rest
11.60,0.3710,rest,rest
11.62,0.3758,rest,rest
11.64,0.3566,rest,rest
11.66,0.3523,rest,rest
11.68,0.3840,rest,rest
11.70,0.3552,rest,rest
11.72,0.3934,rest,rest
11.74,0.3951,rest,rest
11.76,0.3870,rest,rest
11.78,0.4339,rest,rest
11.80,0.3482,rest,rest
11.82,0.3390,rest,rest
11.84,0.3845,rest,rest
11.86,0.4045,rest,rest
11.88,0.3859,rest,rest
11.90,0.3874,rest,rest
11.92,0.3674,rest,rest
11.94,0.3744,rest,rest
11.96,0.3931,rest,rest
11.98,0.3279,rest,rest
12.00,0.4255,rest,rest
12.02,0.4122,rest,rest
12.04,0.4066,rest,rest
12.06,0.4679,rest,motion_artifact
12.08,0.5527,rest,motion_artifact
12.10,0.5889,rest,motion_artifact
12.12,0.7158,rest,motion_artifact
12.14,0.8561,rest,motion_artifact
12.16,0.9819,rest,motion_artifact
12.18,1.1075,rest,motion_artifact
12.20,1.1056,rest,motion_artifact
12.22,1.0973,rest,motion_artifact
12.24,0.9643,rest,motion_artifact
12.26,0.8909,rest,motion_artifact
12.28,0.7415,rest,motion_artifact
12.30,0.6843,rest,motion_artifact
12.32,0.5700,rest,motion_artifact
12.34,0.4598,rest,motion_artifact
12.36,0.4307,rest,rest
12.38,0.3657,rest,rest
12.40,0.3910,rest,rest
12.42,0.3619,rest,rest
12.44,0.3579,rest,rest
12.46,0.3454,rest,rest
12.48,0.3776,rest,rest
12.50,0.4206,rest,rest
12.52,0.3793,rest,rest
12.54,0.3780,rest,rest
12.56,0.4044,rest,rest
12.58,0.4144,rest,rest
12.60,0.3938,rest,rest
12.62,0.3427,rest,rest
12.64,0.3983,rest,rest
12.66,0.3943,rest,rest
12.68,0.4032,rest,rest
12.70,0.3819,rest,rest
12.72,0.3406,rest,rest
12.74,0.3638,rest,rest
12.76,0.3905,rest,rest
12.78,0.3793,rest,rest
12.80,0.3524,rest,rest
12.82,0.3819,rest,rest
12.84,0.3825,rest,rest
12.86,0.3996,rest,rest
12.88,0.3960,rest,rest
12.90,0.3558,rest,rest
12.92,0.3994,rest,rest
12.94,0.3672,rest,rest
12.96,0.4225,rest,rest
12.98,0.4195,rest,rest
13.00,0.3451,rest,rest
13.02,0.3900,rest,rest
13.04,0.4086,rest,rest
13.06,0.3112,rest,rest
13.08,0.3696,rest,rest
13.10,0.3646,rest,rest
13.12,0.3843,rest,rest
13.14,0.3651,rest,rest
13.16,0.3602,rest,rest
13.18,0.3674,rest,rest
13.20,0.3434,rest,rest
13.22,0.3670,rest,rest
13.24,0.3748,rest,rest
13.26,0.3370,rest,rest
13.28,0.3410,rest,rest
13.30,0.3696,rest,rest
13.32,0.3909,rest,rest
13.34,0.4082,rest,rest
13.36,0.3382,rest,rest
13.38,0.3581,rest,rest
13.40,0.3875,rest,rest
13.42,0.3612,rest,rest
13.44,0.3716,rest,rest
13.46,0.3629,rest,rest
13.48,0.3770,rest,rest
13.50,0.3475,rest,rest
13.52,0.3832,rest,rest
13.54,0.3224,rest,rest
13.56,0.3820,rest,rest
13.58,0.3669,rest,rest
13.60,0.3509,rest,rest
13.62,0.3926,rest,rest
13.64,0.3571,rest,rest
13.66,0.3505,rest,rest
13.68,0.3524,rest,rest
13.70,0.3482,rest,rest
13.72,0.3696,rest,rest
13.74,0.3493,rest,rest
13.76,0.3333,rest,rest
13.78,0.3548,rest,rest
13.80,0.3368,rest,rest
13.82,0.3719,rest,rest
13.84,0.3469,rest,rest
13.86,0.3281,rest,rest
13.88,0.3532,rest,rest
13.90,0.3875,rest,rest
13.92,0.3018,rest,rest
13.94,0.3628,rest,rest
13.96,0.3766,rest,rest
13.98,0.3131,rest,rest
14.00,0.3938,rest,rest
14.02,0.3956,rest,rest
14.04,0.3379,rest,rest
14.06,0.4039,rest,rest
14.08,0.4023,rest,rest
14.10,0.3720,rest,rest
14.12,0.3647,rest,rest
14.14,0.3268,rest,rest
14.16,0.3867,rest,rest
14.18,0.3973,rest,rest
14.20,0.3795,rest,rest
14.22,0.3771,rest,rest
14.24,0.3530,rest,rest
14.26,0.3961,rest,rest
14.28,0.3875,rest,rest
14.30,0.3527,rest,rest
14.32,0.3553,rest,rest
14.34,0.3674,rest,rest
14.36,0.3369,rest,rest
14.38,0.3558,rest,rest
14.40,0.3563,rest,rest
14.42,0.3654,rest,rest
14.44,0.3616,rest,rest
14.46,0.3287,rest,rest
14.48,0.3610,rest,rest
14.50,0.4129,rest,rest
14.52,0.3239,rest,rest
14.54,0.3587,rest,rest
14.56,0.3622,rest,rest
14.58,0.3830,rest,rest
14.60,0.3430,rest,rest
14.62,0.3716,rest,rest
14.64,0.3721,rest,rest
14.66,0.4229,rest,rest
14.68,0.3472,rest,rest
14.70,0.3656,rest,rest
14.72,0.3467,rest,rest
14.74,0.3539,rest,rest
14.76,0.3642,rest,rest
14.78,0.3656,rest,rest
14.80,0.3252,rest,rest
14.82,0.3742,rest,rest
14.84,0.3746,rest,rest
14.86,0.3995,rest,rest
14.88,0.4407,rest,rest
14.90,0.3565,rest,rest
14.92,0.3879,rest,rest
14.94,0.3585,rest,rest
14.96,0.3534,rest,rest
14.98,0.3526,rest,rest
15.00,0.4050,flex,flex_2
15.02,0.4741,flex,flex_2
15.04,0.5184,flex,flex_2
15.06,0.7244,flex,flex_2
15.08,0.7393,flex,flex_2
15.10,0.7560,flex,flex_2
15.12,0.9002,flex,flex_2
15.14,1.0968,flex,flex_2
15.16,1.0271,flex,flex_2
15.18,1.1486,flex,flex_2
15.20,1.2596,flex,flex_2
15.22,1.3855,flex,flex_2
15.24,1.5054,flex,flex_2
15.26,1.5425,flex,flex_2
15.28,1.4648,flex,flex_2
15.30,1.3620,flex,flex_2
15.32,1.3737,flex,flex_2
15.34,1.4138,flex,flex_2
15.36,1.2773,flex,flex_2
15.38,1.3013,flex,flex_2
15.40,1.2797,flex,flex_2
15.42,1.3085,flex,flex_2
15.44,1.1514,flex,flex_2
15.46,1.3477,flex,flex_2
15.48,1.2290,flex,flex_2
15.50,1.3045,flex,flex_2
15.52,1.3331,flex,flex_2
15.54,1.2870,flex,flex_2
15.56,1.2429,flex,flex_2
15.58,1.3444,flex,flex_2
15.60,1.2170,flex,flex_2
15.62,1.2501,flex,flex_2
15.64,1.2869,flex,flex_2
15.66,1.3159,flex,flex_2
15.68,1.3127,flex,flex_2
15.70,1.2884,flex,flex_2
15.72,1.2025,flex,flex_2
15.74,1.4288,flex,flex_2
15.76,1.3754,flex,flex_2
15.78,1.3618,flex,flex_2
15.80,1.4812,flex,flex_2
15.82,1.4660,flex,flex_2
15.84,1.5165,flex,flex_2
15.86,1.3353,flex,flex_2
15.88,1.4816,flex,flex_2
15.90,1.5638,flex,flex_2
15.92,1.4914,flex,flex_2
15.94,1.4133,flex,flex_2
15.96,1.4593,flex,flex_2
15.98,1.4463,flex,flex_2
16.00,1.3175,flex,flex_2
16.02,1.4313,flex,flex_2
16.04,1.4270,flex,flex_2
16.06,1.2953,flex,flex_2
16.08,1.4358,flex,flex_2
16.10,1.3856,flex,flex_2
16.12,1.3641,flex,flex_2
16.14,1.2568,flex,flex_2
16.16,1.2296,flex,flex_2
16.18,1.1722,flex,flex_2
16.20,1.3302,flex,flex_2
16.22,1.2362,flex,flex_2
16.24,1.1513,flex,flex_2
16.26,1.2345,flex,flex_2
16.28,1.1554,flex,flex_2
16.30,1.2508,flex,flex_2
16.32,1.3598,flex,flex_2
16.34,1.4170,flex,flex_2
16.36,1.2122,flex,flex_2
16.38,1.3347,flex,flex_2
16.40,1.2948,flex,flex_2
16.42,1.1692,flex,flex_2
16.44,1.3656,flex,flex_2
16.46,1.4542,flex,flex_2
16.48,1.2885,flex,flex_2
16.50,1.4732,flex,flex_2
16.52,1.4345,flex,flex_2
16.54,1.5476,flex,flex_2
16.56,1.6248,flex,flex_2
16.58,1.5033,flex,flex_2
16.60,1.5285,flex,flex_2
16.62,1.5683,flex,flex_2
16.64,1.4494,flex,flex_2
16.66,1.5558,flex,flex_2
16.68,1.4397,flex,flex_2
16.70,1.3091,flex,flex_2
16.72,1.5112,flex,flex_2
16.74,1.4685,flex,flex_2
16.76,1.5038,flex,flex_2
16.78,1.4000,flex,flex_2
16.80,1.3046,flex,flex_2
16.82,1.3314,flex,flex_2
16.84,1.2376,flex,flex_2
16.86,1.2398,flex,flex_2
16.88,1.2254,flex,flex_2
16.90,1.3235,flex,flex_2
16.92,1.3085,flex,flex_2
16.94,1.3419,flex,flex_2
16.96,1.2216,flex,flex_2
16.98,1.2079,flex,flex_2
17.00,1.2196,flex,flex_2
17.02,1.1861,flex,flex_2
17.04,1.2714,flex,flex_2
17.06,1.2423,flex,flex_2
17.08,1.1232,flex,flex_2
17.10,1.2534,flex,flex_2
17.12,1.4189,flex,flex_2
17.14,1.3480,flex,flex_2
17.16,1.5261,flex,flex_2
17.18,1.3378,flex,flex_2
17.20,1.5153,flex,flex_2
17.22,1.4997,flex,flex_2
17.24,1.4696,flex,flex_2
17.26,1.4142,flex,flex_2
17.28,1.4226,flex,flex_2
17.30,1.4789,flex,flex_2
17.32,1.5254,flex,flex_2
17.34,1.5087,flex,flex_2
17.36,1.6017,flex,flex_2
17.38,1.5012,flex,flex_2
17.40,1.4550,flex,flex_2
17.42,1.2872,flex,flex_2
17.44,1.3644,flex,flex_2
17.46,1.3691,flex,flex_2
17.48,1.3135,flex,flex_2
17.50,1.3844,flex,flex_2
17.52,1.3318,flex,flex_2
17.54,1.2878,flex,flex_2
17.56,1.2577,flex,flex_2
17.58,1.4089,flex,flex_2
17.60,1.2279,flex,flex_2
17.62,1.3879,flex,flex_2
17.64,1.2650,flex,flex_2
17.66,1.1349,flex,flex_2
17.68,1.3261,flex,flex_2
17.70,1.3279,flex,flex_2
17.72,1.3422,flex,flex_2
17.74,1.3480,flex,flex_2
17.76,1.2368,flex,flex_2
17.78,1.2154,flex,flex_2
17.80,1.2188,flex,flex_2
17.82,1.3411,flex,flex_2
17.84,1.2818,flex,flex_2
17.86,1.3459,flex,flex_2
17.88,1.3241,flex,flex_2
17.90,1.3959,flex,flex_2
17.92,1.4075,flex,flex_2
17.94,1.3163,flex,flex_2
17.96,1.4501,flex,flex_2
17.98,1.4221,flex,flex_2
18.00,1.4705,flex,flex_2
18.02,1.4804,flex,flex_2
18.04,1.6101,flex,flex_2
18.06,1.6126,flex,flex_2
18.08,1.4527,flex,flex_2
18.10,1.3993,flex,flex_2
18.12,1.4793,flex,flex_2
18.14,1.5023,flex,flex_2
18.16,1.3696,flex,flex_2
18.18,1.3086,flex,flex_2
18.20,1.3399,flex,flex_2
18.22,1.0083,flex,flex_2
18.24,1.0943,flex,flex_2
18.26,1.0921,flex,flex_2
18.28,0.8843,flex,flex_2
18.30,0.8905,flex,flex_2
18.32,0.7329,flex,flex_2
18.34,0.8264,flex,flex_2
18.36,0.7713,flex,flex_2
18.38,0.7079,flex,flex_2
18.40,0.5810,flex,flex_2
18.42,0.6671,flex,flex_2
18.44,0.5467,flex,flex_2
18.46,0.5565,flex,flex_2
18.48,0.3852,flex,flex_2
18.50,0.4125,rest,rest
18.52,0.4024,rest,rest
18.54,0.3277,rest,rest
18.56,0.3310,rest,rest
18.58,0.3823,rest,rest
18.60,0.3539,rest,rest
18.62,0.3266,rest,rest
18.64,0.3962,rest,rest
18.66,0.3556,rest,rest
18.68,0.3505,rest,rest
18.70,0.3878,rest,rest
18.72,0.3318,rest,rest
18.74,0.3701,rest,rest
18.76,0.3662,rest,rest
18.78,0.3676,rest,rest
18.80,0.3698,rest,rest
18.82,0.3459,rest,rest
18.84,0.3445,rest,rest
18.86,0.3382,rest,rest
18.88,0.3664,rest,rest
18.90,0.3050,rest,rest
18.92,0.3635,rest,rest
18.94,0.3900,rest,rest
18.96,0.3763,rest,rest
18.98,0.3745,rest,rest
19.00,0.3663,rest,rest
19.02,0.3523,rest,rest
19.04,0.3323,rest,rest
19.06,0.3665,rest,rest
19.08,0.3922,rest,rest
19.10,0.3828,rest,rest
19.12,0.3962,rest,rest
19.14,0.3655,rest,rest
19.16,0.3390,rest,rest
19.18,0.3691,rest,rest
19.20,0.3568,rest,rest
19.22,0.3729,rest,rest
19.24,0.3427,rest,rest
19.26,0.3304,rest,rest
19.28,0.3194,rest,rest
19.30,0.3836,rest,rest
19.32,0.3686,rest,rest
19.34,0.3510,rest,rest
19.36,0.3664,rest,rest
19.38,0.3811,rest,rest
19.40,0.3719,rest,rest
19.42,0.3926,rest,rest
19.44,0.3513,rest,rest
19.46,0.3606,rest,rest
19.48,0.3407,rest,rest
19.50,0.3726,rest,rest
19.52,0.3475,rest,rest
19.54,0.3831,rest,rest
19.56,0.3466,rest,rest
19.58,0.4054,rest,rest
19.60,0.3548,rest,rest
19.62,0.3565,rest,rest
19.64,0.3125,rest,rest
19.66,0.3468,rest,rest
19.68,0.3999,rest,rest
19.70,0.3545,rest,rest
19.72,0.3824,rest,rest
19.74,0.3510,rest,rest
19.76,0.3693,rest,rest
19.78,0.3562,rest,rest
19.80,0.3430,rest,rest
19.82,0.3549,rest,rest
19.84,0.3540,rest,rest
19.86,0.3863,rest,rest
19.88,0.3710,rest,rest
19.90,0.3407,rest,rest
19.92,0.3468,rest,rest
19.94,0.3402,rest,rest
19.96,0.2958,rest,rest
19.98,0.3552,rest,rest
20.00,0.3581,rest,rest
20.02,0.3630,rest,rest
20.04,0.3662,rest,rest
20.06,0.3762,rest,rest
20.08,0.3387,rest,rest
20.10,0.3571,rest,rest
20.12,0.3437,rest,rest
20.14,0.3529,rest,rest
20.16,0.3711,rest,rest
20.18,0.3667,rest,rest
20.20,0.3795,rest,rest
20.22,0.3935,rest,rest
20.24,0.3521,rest,rest
20.26,0.3721,rest,rest
20.28,0.3891,rest,rest
20.30,0.3815,rest,rest
20.32,0.3901,rest,rest
20.34,0.4145,rest,rest
20.36,0.3982,rest,rest
20.38,0.3105,rest,rest
20.40,0.3576,rest,rest
20.42,0.3885,rest,rest
20.44,0.3439,rest,rest
20.46,0.3865,rest,rest
20.48,0.3488,rest,rest
20.50,0.3519,rest,rest
20.52,0.3943,rest,rest
20.54,0.3338,rest,rest
20.56,0.3621,rest,rest
20.58,0.3754,rest,rest
20.60,0.3578,rest,rest
20.62,0.3707,rest,rest
20.64,0.3485,rest,rest
20.66,0.3505,rest,rest
20.68,0.3404,rest,rest
20.70,0.3485,rest,rest
20.72,0.3539,rest,rest
20.74,0.3474,rest,rest
20.76,0.3337,rest,rest
20.78,0.3765,rest,rest
20.80,0.3437,rest,rest
20.82,0.3788,rest,rest
20.84,0.3239,rest,rest
20.86,0.3787,rest,rest
20.88,0.3733,rest,rest
20.90,0.3776,rest,rest
20.92,0.3355,rest,rest
20.94,0.4005,rest,rest
20.96,0.3563,rest,rest
20.98,0.3669,rest,rest
21.00,0.3853,rest,rest
21.02,0.4023,rest,rest
21.04,0.3389,rest,rest
21.06,0.3593,rest,rest
21.08,0.3504,rest,rest
21.10,0.3182,rest,rest
21.12,0.3439,rest,rest
21.14,0.3844,rest,rest
21.16,0.3723,rest,rest
21.18,0.3311,rest,rest
21.20,0.3352,rest,rest
21.22,0.3956,rest,rest
21.24,0.3624,rest,rest
21.26,0.3604,rest,rest
21.28,0.3198,rest,rest
21.30,0.3749,rest,rest
21.32,0.3307,rest,rest
21.34,0.3855,rest,rest
21.36,0.3735,rest,rest
21.38,0.3658,rest,rest
21.40,0.4048,rest,rest
21.42,0.3365,rest,rest
21.44,0.3634,rest,rest
21.46,0.3745,rest,rest
21.48,0.3660,rest,rest
21.50,0.3478,rest,rest
21.52,0.4068,rest,rest
21.54,0.3501,rest,rest
21.56,0.3759,rest,rest
21.58,0.3324,rest,rest
21.60,0.3721,rest,rest
21.62,0.3590,rest,rest
21.64,0.3843,rest,rest
21.66,0.3884,rest,rest
21.68,0.3747,rest,rest
21.70,0.3648,rest,rest
21.72,0.3639,rest,rest
21.74,0.4255,rest,rest
21.76,0.3659,rest,rest
21.78,0.4289,rest,rest
21.80,0.3838,rest,rest
21.82,0.3636,rest,rest
21.84,0.3656,rest,rest
21.86,0.3953,rest,rest
21.88,0.3730,rest,rest
21.90,0.3637,rest,rest
21.92,0.3386,rest,rest
21.94,0.3479,rest,rest
21.96,0.3449,rest,rest
21.98,0.3593,rest,rest
22.00,0.3518,rest,rest
22.02,0.3741,rest,rest
22.04,0.3875,rest,rest
22.06,0.3697,rest,rest
22.08,0.3801,rest,rest
22.10,0.3898,rest,rest
22.12,0.3849,rest,rest
22.14,0.3614,rest,rest
22.16,0.3711,rest,rest
22.18,0.3715,rest,rest
22.20,0.3504,rest,rest
22.22,0.3600,rest,rest
22.24,0.3570,rest,rest
22.26,0.3986,rest,rest
22.28,0.3736,rest,rest
22.30,0.4016,rest,rest
22.32,0.4040,rest,rest
22.34,0.4044,rest,rest
22.36,0.3730,rest,rest
22.38,0.4118,rest,rest
22.40,0.3711,rest,rest
22.42,0.3771,rest,rest
22.44,0.3384,rest,rest
22.46,0.4137,rest,rest
22.48,0.3264,rest,rest
22.50,0.3474,rest,rest
22.52,0.3048,rest,rest
22.54,0.3510,rest,rest
22.56,0.3914,rest,rest
22.58,0.3581,rest,rest
22.60,0.3639,rest,rest
22.62,0.3429,rest,rest
22.64,0.3862,rest,rest
22.66,0.4075,rest,rest
22.68,0.3886,rest,rest
22.70,0.3739,rest,rest
22.72,0.3653,rest,rest
22.74,0.3716,rest,rest
22.76,0.3331,rest,rest
22.78,0.3805,rest,rest
22.80,0.3604,rest,rest
22.82,0.4345,rest,rest
22.84,0.3542,rest,rest
22.86,0.3894,rest,rest
22.88,0.3572,rest,rest
22.90,0.4014,rest,rest
22.92,0.3785,rest,rest
22.94,0.4140,rest,rest
22.96,0.3936,rest,rest
22.98,0.3847,rest,rest
23.00,0.3869,rest,rest
23.02,0.3384,rest,rest
23.04,0.3716,rest,rest
23.06,0.3270,rest,rest
23.08,0.3723,rest,rest
23.10,0.3272,rest,rest
23.12,0.3717,rest,rest
23.14,0.3800,rest,rest
23.16,0.3534,rest,rest
23.18,0.3335,rest,rest
23.20,0.3775,rest,rest
23.22,0.3790,rest,rest
23.24,0.3721,rest,rest
23.26,0.3994,rest,rest
23.28,0.4001,rest,rest
23.30,0.3547,rest,rest
23.32,0.3819,rest,rest
23.34,0.3892,rest,rest
23.36,0.3834,rest,rest
23.38,0.4139,rest,rest
23.40,0.3692,rest,rest
23.42,0.3803,rest,rest
23.44,0.3644,rest,rest
23.46,0.3989,rest,rest
23.48,0.4028,rest,rest
23.50,0.4080,rest,rest
23.52,0.3743,rest,rest
23.54,0.3655,rest,rest
23.56,0.3593,rest,rest
23.58,0.3590,rest,rest
23.60,0.3796,rest,rest
23.62,0.3711,rest,rest
23.64,0.3615,rest,rest
23.66,0.3568,rest,rest
23.68,0.4063,rest,rest
23.70,0.3742,rest,rest
23.72,0.3806,rest,rest
23.74,0.3465,rest,rest
23.76,0.3354,rest,rest
23.78,0.3912,rest,rest
23.80,0.3741,rest,rest
23.82,0.3455,rest,rest
23.84,0.4190,rest,rest
23.86,0.3943,rest,rest
23.88,0.3708,rest,rest
23.90,0.3685,rest,rest
23.92,0.3825,rest,rest
23.94,0.3970,rest,rest
23.96,0.3205,rest,rest
23.98,0.3981,rest,rest
24.00,0.4008,rest,rest
24.02,0.3790,rest,rest
24.04,0.4005,rest,rest
24.06,0.3934,rest,rest
24.08,0.4074,rest,rest
24.10,0.3611,rest,rest
24.12,0.4099,rest,rest
24.14,0.3717,rest,rest
24.16,0.4252,rest,rest
24.18,0.3494,rest,rest
24.20,0.3553,rest,rest
24.22,0.4051,rest,rest
24.24,0.3694,rest,rest
24.26,0.3358,rest,rest
24.28,0.4068,rest,rest
24.30,0.3910,rest,rest
24.32,0.4030,rest,rest
24.34,0.3990,rest,rest
24.36,0.3567,rest,rest
24.38,0.3723,rest,rest
24.40,0.4072,rest,rest
24.42,0.4160,rest,rest
24.44,0.3875,rest,rest
24.46,0.3996,rest,rest
24.48,0.3592,rest,rest
24.50,0.3667,rest,rest
24.52,0.3930,rest,rest
24.54,0.3768,rest,rest
24.56,0.4122,rest,rest
24.58,0.3451,rest,rest
24.60,0.3941,rest,rest
24.62,0.3898,rest,rest
24.64,0.3450,rest,rest
24.66,0.3451,rest,rest
24.68,0.3492,rest,rest
24.70,0.3715,rest,rest
24.72,0.3663,rest,rest
24.74,0.3540,rest,rest
24.76,0.3683,rest,rest
24.78,0.3869,rest,rest
24.80,0.3752,rest,rest
24.82,0.3847,rest,rest
24.84,0.3446,rest,rest
24.86,0.3745,rest,rest
24.88,0.4031,rest,rest
24.90,0.3963,rest,rest
24.92,0.3349,rest,rest
24.94,0.4176,rest,rest
24.96,0.4261,rest,rest
24.98,0.3927,rest,rest
25.00,0.4095,flex,flex_3
25.02,0.4296,flex,flex_3
25.04,0.6504,flex,flex_3
25.06,0.7251,flex,flex_3
25.08,0.7233,flex,flex_3
25.10,0.8254,flex,flex_3
25.12,1.0339,flex,flex_3
25.14,0.9882,flex,flex_3
25.16,1.1388,flex,flex_3
25.18,1.1766,flex,flex_3
25.20,1.2629,flex,flex_3
25.22,1.3773,flex,flex_3
25.24,1.4578,flex,flex_3
25.26,1.5318,flex,flex_3
25.28,1.4529,flex,flex_3
25.30,1.3533,flex,flex_3
25.32,1.4608,flex,flex_3
25.34,1.3876,flex,flex_3
25.36,1.3473,flex,flex_3
25.38,1.3913,flex,flex_3
25.40,1.4286,flex,flex_3
25.42,1.2951,flex,flex_3
25.44,1.4241,flex,flex_3
25.46,1.3291,flex,flex_3
25.48,1.3976,flex,flex_3
25.50,1.3316,flex,flex_3
25.52,1.2927,flex,flex_3
25.54,1.2990,flex,flex_3
25.56,1.2816,flex,flex_3
25.58,1.3611,flex,flex_3
25.60,1.3692,flex,flex_3
25.62,1.4233,flex,flex_3
25.64,1.4460,flex,flex_3
25.66,1.4697,flex,flex_3
25.68,1.4586,flex,flex_3
25.70,1.4291,flex,flex_3
25.72,1.5162,flex,flex_3
25.74,1.4663,flex,flex_3
25.76,1.5020,flex,flex_3
25.78,1.4512,flex,flex_3
25.80,1.4325,flex,flex_3
25.82,1.5312,flex,flex_3
25.84,1.4143,flex,flex_3
25.86,1.4361,flex,flex_3
25.88,1.4639,flex,flex_3
25.90,1.5139,flex,flex_3
25.92,1.5093,flex,flex_3
25.94,1.7078,flex,flex_3
25.96,1.4290,flex,flex_3
25.98,1.5578,flex,flex_3
26.00,1.4520,flex,flex_3
26.02,1.4702,flex,flex_3
26.04,1.5146,flex,flex_3
26.06,1.3718,flex,flex_3
26.08,1.4047,flex,flex_3
26.10,1.3244,flex,flex_3
26.12,1.2869,flex,flex_3
26.14,1.3365,flex,flex_3
26.16,1.4639,flex,flex_3
26.18,1.2639,flex,flex_3
26.20,1.3446,flex,flex_3
26.22,1.3327,flex,flex_3
26.24,1.2715,flex,flex_3
26.26,1.1922,flex,flex_3
26.28,1.1666,flex,flex_3
26.30,1.2646,flex,flex_3
26.32,1.3398,flex,flex_3
26.34,1.4215,flex,flex_3
26.36,1.2688,flex,flex_3
26.38,1.3866,flex,flex_3
26.40,1.5496,flex,flex_3
26.42,1.3451,flex,flex_3
26.44,1.3253,flex,flex_3
26.46,1.4261,flex,flex_3
26.48,1.5038,flex,flex_3
26.50,1.4975,flex,flex_3
26.52,1.5216,flex,flex_3
26.54,1.5283,flex,flex_3
26.56,1.4765,flex,flex_3
26.58,1.5980,flex,flex_3
26.60,1.4890,flex,flex_3
26.62,1.4751,flex,flex_3
26.64,1.5646,flex,flex_3
26.66,1.4850,flex,flex_3
26.68,1.3971,flex,flex_3
26.70,1.5852,flex,flex_3
26.72,1.4497,flex,flex_3
26.74,1.3995,flex,flex_3
26.76,1.5216,flex,flex_3
26.78,1.5395,flex,flex_3
26.80,1.3131,flex,flex_3
26.82,1.3363,flex,flex_3
26.84,1.3969,flex,flex_3
26.86,1.2469,flex,flex_3
26.88,1.3012,flex,flex_3
26.90,1.3518,flex,flex_3
26.92,1.3332,flex,flex_3
26.94,1.3010,flex,flex_3
26.96,1.3031,flex,flex_3
26.98,1.3583,flex,flex_3
27.00,1.2450,flex,flex_3
27.02,1.3453,flex,flex_3
27.04,1.2999,flex,flex_3
27.06,1.2551,flex,flex_3
27.08,1.3720,flex,flex_3
27.10,1.4318,flex,flex_3
27.12,1.3852,flex,flex_3
27.14,1.5184,flex,flex_3
27.16,1.5373,flex,flex_3
27.18,1.4176,flex,flex_3
27.20,1.4373,flex,flex_3
27.22,1.5198,flex,flex_3
27.24,1.5175,flex,flex_3
27.26,1.6133,flex,flex_3
27.28,1.4912,flex,flex_3
27.30,1.6429,flex,flex_3
27.32,1.6352,flex,flex_3
27.34,1.5622,flex,flex_3
27.36,1.5755,flex,flex_3
27.38,1.3780,flex,flex_3
27.40,1.5222,flex,flex_3
27.42,1.5478,flex,flex_3
27.44,1.4396,flex,flex_3
27.46,1.4058,flex,flex_3
27.48,1.4540,flex,flex_3
27.50,1.4290,flex,flex_3
27.52,1.3855,flex,flex_3
27.54,1.2646,flex,flex_3
27.56,1.3478,flex,flex_3
27.58,1.2917,flex,flex_3
27.60,1.2171,flex,flex_3
27.62,1.3063,flex,flex_3
27.64,1.2599,flex,flex_3
27.66,1.3360,flex,flex_3
27.68,1.2691,flex,flex_3
27.70,1.2279,flex,flex_3
27.72,1.3494,flex,flex_3
27.74,1.1892,flex,flex_3
27.76,1.3194,flex,flex_3
27.78,1.3205,flex,flex_3
27.80,1.3846,flex,flex_3
27.82,1.3529,flex,flex_3
27.84,1.4290,flex,flex_3
27.86,1.2954,flex,flex_3
27.88,1.4748,flex,flex_3
27.90,1.4009,flex,flex_3
27.92,1.4623,flex,flex_3
27.94,1.4376,flex,flex_3
27.96,1.5541,flex,flex_3
27.98,1.4227,flex,flex_3
28.00,1.4921,flex,flex_3
28.02,1.6428,flex,flex_3
28.04,1.5774,flex,flex_3
28.06,1.5412,flex,flex_3
28.08,1.6096,flex,flex_3
28.10,1.5907,flex,flex_3
28.12,1.5440,flex,flex_3
28.14,1.4920,flex,flex_3
28.16,1.4664,flex,flex_3
28.18,1.3744,flex,flex_3
28.20,1.4438,flex,flex_3
28.22,1.4930,flex,flex_3
28.24,1.5113,flex,flex_3
28.26,1.3798,flex,flex_3
28.28,1.3176,flex,flex_3
28.30,1.3641,flex,flex_3
28.32,1.2266,flex,flex_3
28.34,1.2748,flex,flex_3
28.36,1.2320,flex,flex_3
28.38,1.2777,flex,flex_3
28.40,1.2265,flex,flex_3
28.42,1.1999,flex,flex_3
28.44,1.2770,flex,flex_3
28.46,1.3160,flex,flex_3
28.48,1.3204,flex,flex_3
28.50,1.3898,flex,flex_3
28.52,1.3611,flex,flex_3
28.54,1.3475,flex,flex_3
28.56,1.4597,flex,flex_3
28.58,1.4539,flex,flex_3
28.60,1.4379,flex,flex_3
28.62,1.5066,flex,flex_3
28.64,1.4317,flex,flex_3
28.66,1.5063,flex,flex_3
28.68,1.4231,flex,flex_3
28.70,1.2775,flex,flex_3
28.72,1.2910,flex,flex_3
28.74,1.1039,flex,flex_3
28.76,1.1177,flex,flex_3
28.78,1.1235,flex,flex_3
28.80,1.2269,flex,flex_3
28.82,1.0368,flex,flex_3
28.84,0.9237,flex,flex_3
28.86,0.8445,flex,flex_3
28.88,0.7012,flex,flex_3
28.90,0.6600,flex,flex_3
28.92,0.6087,flex,flex_3
28.94,0.6173,flex,flex_3
28.96,0.5360,flex,flex_3
28.98,0.4093,flex,flex_3
29.00,0.4176,rest,rest
29.02,0.4373,rest,rest
29.04,0.3505,rest,rest
29.06,0.3804,rest,rest
29.08,0.3810,rest,rest
29.10,0.4036,rest,rest
29.12,0.3963,rest,rest
29.14,0.4171,rest,rest
29.16,0.4099,rest,rest
29.18,0.4024,rest,rest
29.20,0.4534,rest,rest
29.22,0.3814,rest,rest
29.24,0.4391,rest,rest
29.26,0.3804,rest,rest
29.28,0.3688,rest,rest
29.30,0.3596,rest,rest
29.32,0.4686,rest,rest
29.34,0.4006,rest,rest
29.36,0.3647,rest,rest
29.38,0.4379,rest,rest
29.40,0.4106,rest,rest
29.42,0.4062,rest,rest
29.44,0.4345,rest,rest
29.46,0.4180,rest,rest
29.48,0.3891,rest,rest
29.50,0.4149,rest,rest
29.52,0.3607,rest,rest
29.54,0.4133,rest,rest
29.56,0.3886,rest,rest
29.58,0.4100,rest,rest
29.60,0.3826,rest,rest
29.62,0.4145,rest,rest
29.64,0.4238,rest,rest
29.66,0.3957,rest,rest
29.68,0.4480,rest,rest
29.70,0.4582,rest,rest
29.72,0.3810,rest,rest
29.74,0.3936,rest,rest
29.76,0.3809,rest,rest
29.78,0.4051,rest,rest
29.80,0.4275,rest,rest
29.82,0.4198,rest,rest
29.84,0.4318,rest,rest
29.86,0.3825,rest,rest
29.88,0.4208,rest,rest
29.90,0.4045,rest,rest
29.92,0.3730,rest,rest
29.94,0.3763,rest,rest
29.96,0.4087,rest,rest
29.98,0.4188,rest,rest
30.00,0.3894,rest,rest
30.02,0.4086,rest,rest
30.04,0.3904,rest,rest
30.06,0.4225,rest,rest
30.08,0.4164,rest,rest
30.10,0.4118,rest,rest
30.12,0.4298,rest,rest
30.14,0.3749,rest,rest
30.16,0.3805,rest,rest
30.18,0.4001,rest,rest
30.20,0.4192,rest,rest
30.22,0.4476,rest,rest
30.24,0.3887,rest,rest
30.26,0.3738,rest,rest
30.28,0.3835,rest,rest
30.30,0.3337,rest,rest
30.32,0.3761,rest,rest
30.34,0.3725,rest,rest
30.36,0.4314,rest,rest
30.38,0.3931,rest,rest
30.40,0.3730,rest,rest
30.42,0.3887,rest,rest
30.44,0.4375,rest,rest
30.46,0.3882,rest,rest
30.48,0.3892,rest,rest
30.50,0.4069,rest,rest
30.52,0.4324,rest,rest
30.54,0.3928,rest,rest
30.56,0.4027,rest,rest
30.58,0.4308,rest,rest
30.60,0.4229,rest,rest
30.62,0.4299,rest,rest
30.64,0.3855,rest,rest
30.66,0.3777,rest,rest
30.68,0.4281,rest,rest
30.70,0.4179,rest,rest
30.72,0.4407,rest,rest
30.74,0.3989,rest,rest
30.76,0.4308,rest,rest
30.78,0.4232,rest,rest
30.80,0.3857,rest,rest
30.82,0.4475,rest,rest
30.84,0.3881,rest,rest
30.86,0.3882,rest,rest
30.88,0.3971,rest,rest
30.90,0.4090,rest,rest
30.92,0.4462,rest,rest
30.94,0.4201,rest,rest
30.96,0.3957,rest,rest
30.98,0.4461,rest,rest
31.00,0.4298,rest,rest
31.02,0.4133,rest,rest
31.04,0.3884,rest,rest
31.06,0.4151,rest,rest
31.08,0.3647,rest,rest
31.10,0.4196,rest,rest
31.12,0.4211,rest,rest
31.14,0.3744,rest,rest
31.16,0.3974,rest,rest
31.18,0.3560,rest,rest
31.20,0.4138,rest,rest
31.22,0.3537,rest,rest
31.24,0.4212,rest,rest
31.26,0.4592,rest,rest
31.28,0.4261,rest,rest
31.30,0.3894,rest,rest
31.32,0.4477,rest,rest
31.34,0.4618,rest,rest
31.36,0.5316,rest,motion_artifact
31.38,0.5712,rest,motion_artifact
31.40,0.6673,rest,motion_artifact
31.42,0.7404,rest,motion_artifact
31.44,0.8974,rest,motion_artifact
31.46,1.0161,rest,motion_artifact
31.48,1.0892,rest,motion_artifact
31.50,1.1269,rest,motion_artifact
31.52,1.1349,rest,motion_artifact
31.54,1.0370,rest,motion_artifact
31.56,0.9214,rest,motion_artifact
31.58,0.7740,rest,motion_artifact
31.60,0.6667,rest,motion_artifact
31.62,0.5596,rest,motion_artifact
31.64,0.5154,rest,motion_artifact
31.66,0.4131,rest,rest
31.68,0.4640,rest,rest
31.70,0.4115,rest,rest
31.72,0.4140,rest,rest
31.74,0.4078,rest,rest
31.76,0.3984,rest,rest
31.78,0.3938,rest,rest
31.80,0.3793,rest,rest
31.82,0.3741,rest,rest
31.84,0.4080,rest,rest
31.86,0.3779,rest,rest
31.88,0.3762,rest,rest
31.90,0.4281,rest,rest
31.92,0.4030,rest,rest
31.94,0.4233,rest,rest
31.96,0.4439,rest,rest
31.98,0.3817,rest,rest
32.00,0.4368,rest,rest
32.02,0.4466,rest,rest
32.04,0.3628,rest,rest
32.06,0.4258,rest,rest
32.08,0.3859,rest,rest
32.10,0.4016,rest,rest
32.12,0.4306,rest,rest
32.14,0.3865,rest,rest
32.16,0.4055,rest,rest
32.18,0.3655,rest,rest
32.20,0.3982,rest,rest
32.22,0.3896,rest,rest
32.24,0.3687,rest,rest
32.26,0.4351,rest,rest
32.28,0.4318,rest,rest
32.30,0.3715,rest,rest
32.32,0.4097,rest,rest
32.34,0.4009,rest,rest
32.36,0.3700,rest,rest
32.38,0.3845,rest,rest
32.40,0.3773,rest,rest
32.42,0.4392,rest,rest
32.44,0.3663,rest,rest
32.46,0.4069,rest,rest
32.48,0.4092,rest,rest
32.50,0.3826,rest,rest
32.52,0.4151,rest,rest
32.54,0.3610,rest,rest
32.56,0.3916,rest,rest
32.58,0.3820,rest,rest
32.60,0.3660,rest,rest
32.62,0.3648,rest,rest
32.64,0.3505,rest,rest
32.66,0.3869,rest,rest
32.68,0.4332,rest,rest
32.70,0.3754,rest,rest
32.72,0.3695,rest,rest
32.74,0.4134,rest,rest
32.76,0.4324,rest,rest
32.78,0.4040,rest,rest
32.80,0.3822,rest,rest
32.82,0.4384,rest,rest
32.84,0.3703,rest,rest
32.86,0.4021,rest,rest
32.88,0.3953,rest,rest
32.90,0.4004,rest,rest
32.92,0.3709,rest,rest
32.94,0.3978,rest,rest
32.96,0.3939,rest,rest
32.98,0.3699,rest,rest
33.00,0.4083,rest,rest
33.02,0.4665,rest,rest
33.04,0.4035,rest,rest
33.06,0.3736,rest,rest
33.08,0.3863,rest,rest
33.10,0.4059,rest,rest
33.12,0.4175,rest,rest
33.14,0.4306,rest,rest
33.16,0.4020,rest,rest
33.18,0.3874,rest,rest
33.20,0.3408,rest,rest
33.22,0.4063,rest,rest
33.24,0.4064,rest,rest
33.26,0.3798,rest,rest
33.28,0.4368,rest,rest
33.30,0.4159,rest,rest
33.32,0.3690,rest,rest
33.34,0.3897,rest,rest
33.36,0.3936,rest,rest
33.38,0.3509,rest,rest
33.40,0.4265,rest,rest
33.42,0.4059,rest,rest
33.44,0.4058,rest,rest
33.46,0.4271,rest,rest
33.48,0.4543,rest,rest
33.50,0.4041,rest,rest
33.52,0.3912,rest,rest
33.54,0.4438,rest,rest
33.56,0.3876,rest,rest
33.58,0.3758,rest,rest
33.60,0.4078,rest,rest
33.62,0.4101,rest,rest
33.64,0.4180,rest,rest
33.66,0.3576,rest,rest
33.68,0.3559,rest,rest
33.70,0.3933,rest,rest
33.72,0.4116,rest,rest
33.74,0.3981,rest,rest
33.76,0.3642,rest,rest
33.78,0.4357,rest,rest
33.80,0.3809,rest,rest
33.82,0.4055,rest,rest
33.84,0.3751,rest,rest
33.86,0.4238,rest,rest
33.88,0.3757,rest,rest
33.90,0.4385,rest,rest
33.92,0.3782,rest,rest
33.94,0.3743,rest,rest
33.96,0.3852,rest,rest
33.98,0.3681,rest,rest
34.00,0.3457,flex,flex_4
34.02,0.4955,flex,flex_4
34.04,0.5888,flex,flex_4
34.06,0.5965,flex,flex_4
34.08,0.7853,flex,flex_4
34.10,0.8057,flex,flex_4
34.12,0.7490,flex,flex_4
34.14,0.8826,flex,flex_4
34.16,0.9451,flex,flex_4
34.18,1.0125,flex,flex_4
34.20,1.0756,flex,flex_4
34.22,1.2544,flex,flex_4
34.24,1.2726,flex,flex_4
34.26,1.4500,flex,flex_4
34.28,1.4033,flex,flex_4
34.30,1.3388,flex,flex_4
34.32,1.4788,flex,flex_4
34.34,1.4305,flex,flex_4
34.36,1.5911,flex,flex_4
34.38,1.5275,flex,flex_4
34.40,1.5400,flex,flex_4
34.42,1.4795,flex,flex_4
34.44,1.4410,flex,flex_4
34.46,1.4513,flex,flex_4
34.48,1.5619,flex,flex_4
34.50,1.3723,flex,flex_4
34.52,1.5807,flex,flex_4
34.54,1.6378,flex,flex_4
34.56,1.4630,flex,flex_4
34.58,1.5525,flex,flex_4
34.60,1.4346,flex,flex_4
34.62,1.4059,flex,flex_4
34.64,1.3948,flex,flex_4
34.66,1.5763,flex,flex_4
34.68,1.3720,flex,flex_4
34.70,1.2758,flex,flex_4
34.72,1.3755,flex,flex_4
34.74,1.3240,flex,flex_4
34.76,1.3641,flex,flex_4
34.78,1.3269,flex,flex_4
34.80,1.3566,flex,flex_4
34.82,1.2826,flex,flex_4
34.84,1.1548,flex,flex_4
34.86,1.3687,flex,flex_4
34.88,1.3666,flex,flex_4
34.90,1.2998,flex,flex_4
34.92,1.3612,flex,flex_4
34.94,1.3807,flex,flex_4
34.96,1.3576,flex,flex_4
34.98,1.4104,flex,flex_4
35.00,1.3956,flex,flex_4
35.02,1.4437,flex,flex_4
35.04,1.5274,flex,flex_4
35.06,1.4486,flex,flex_4
35.08,1.5111,flex,flex_4
35.10,1.5233,flex,flex_4
35.12,1.4994,flex,flex_4
35.14,1.4898,flex,flex_4
35.16,1.5130,flex,flex_4
35.18,1.6144,flex,flex_4
35.20,1.5865,flex,flex_4
35.22,1.5241,flex,flex_4
35.24,1.3957,flex,flex_4
35.26,1.4032,flex,flex_4
35.28,1.5316,flex,flex_4
35.30,1.5132,flex,flex_4
35.32,1.5110,flex,flex_4
35.34,1.4704,flex,flex_4
35.36,1.3633,flex,flex_4
35.38,1.3798,flex,flex_4
35.40,1.3600,flex,flex_4
35.42,1.4789,flex,flex_4
35.44,1.2736,flex,flex_4
35.46,1.2529,flex,flex_4
35.48,1.2176,flex,flex_4
35.50,1.1246,flex,flex_4
35.52,1.2926,flex,flex_4
35.54,1.1855,flex,flex_4
35.56,1.2970,flex,flex_4
35.58,1.3232,flex,flex_4
35.60,1.2901,flex,flex_4
35.62,1.3903,flex,flex_4
35.64,1.2385,flex,flex_4
35.66,1.2202,flex,flex_4
35.68,1.3034,flex,flex_4
35.70,1.3434,flex,flex_4
35.72,1.2886,flex,flex_4
35.74,1.4660,flex,flex_4
35.76,1.4767,flex,flex_4
35.78,1.5138,flex,flex_4
35.80,1.5874,flex,flex_4
35.82,1.4203,flex,flex_4
35.84,1.4960,flex,flex_4
35.86,1.4632,flex,flex_4
35.88,1.5979,flex,flex_4
35.90,1.4530,flex,flex_4
35.92,1.5451,flex,flex_4
35.94,1.5716,flex,flex_4
35.96,1.5000,flex,flex_4
35.98,1.4757,flex,flex_4
36.00,1.4864,flex,flex_4
36.02,1.3726,flex,flex_4
36.04,1.4338,flex,flex_4
36.06,1.4129,flex,flex_4
36.08,1.4135,flex,flex_4
36.10,1.3660,flex,flex_4
36.12,1.3439,flex,flex_4
36.14,1.4298,flex,flex_4
36.16,1.3900,flex,flex_4
36.18,1.2642,flex,flex_4
36.20,1.2911,flex,flex_4
36.22,1.3183,flex,flex_4
36.24,1.2450,flex,flex_4
36.26,1.3689,flex,flex_4
36.28,1.2393,flex,flex_4
36.30,1.2314,flex,flex_4
36.32,1.2625,flex,flex_4
36.34,1.3457,flex,flex_4
36.36,1.2571,flex,flex_4
36.38,1.3624,flex,flex_4
36.40,1.4647,flex,flex_4
36.42,1.3439,flex,flex_4
36.44,1.3174,flex,flex_4
36.46,1.5076,flex,flex_4
36.48,1.3592,flex,flex_4
36.50,1.3563,flex,flex_4
36.52,1.5327,flex,flex_4
36.54,1.6031,flex,flex_4
36.56,1.3958,flex,flex_4
36.58,1.4934,flex,flex_4
36.60,1.5421,flex,flex_4
36.62,1.5054,flex,flex_4
36.64,1.5448,flex,flex_4
36.66,1.3848,flex,flex_4
36.68,1.5188,flex,flex_4
36.70,1.3594,flex,flex_4
36.72,1.2907,flex,flex_4
36.74,1.2380,flex,flex_4
36.76,1.0738,flex,flex_4
36.78,1.0737,flex,flex_4
36.80,1.0094,flex,flex_4
36.82,0.9086,flex,flex_4
36.84,0.8620,flex,flex_4
36.86,0.6855,flex,flex_4
36.88,0.6815,flex,flex_4
36.90,0.7057,flex,flex_4
36.92,0.5678,flex,flex_4
36.94,0.5313,flex,flex_4
36.96,0.5151,flex,flex_4
36.98,0.4215,flex,flex_4
37.00,0.3584,rest,rest
37.02,0.3510,rest,rest
37.04,0.3592,rest,rest
37.06,0.3647,rest,rest
37.08,0.3493,rest,rest
37.10,0.4196,rest,rest
37.12,0.3870,rest,rest
37.14,0.3684,rest,rest
37.16,0.3812,rest,rest
37.18,0.3770,rest,rest
37.20,0.3763,rest,rest
37.22,0.3875,rest,rest
37.24,0.3693,rest,rest
37.26,0.3566,rest,rest
37.28,0.4106,rest,rest
37.30,0.3633,rest,rest
37.32,0.3850,rest,rest
37.34,0.3793,rest,rest
37.36,0.3412,rest,rest
37.38,0.3780,rest,rest
37.40,0.4034,rest,rest
37.42,0.3714,rest,rest
37.44,0.3797,rest,rest
37.46,0.3867,rest,rest
37.48,0.3926,rest,rest
37.50,0.3761,rest,rest
37.52,0.3704,rest,rest
37.54,0.3760,rest,rest
37.56,0.3981,rest,rest
37.58,0.3923,rest,rest
37.60,0.3389,rest,rest
37.62,0.3444,rest,rest
37.64,0.3574,rest,rest
37.66,0.3033,rest,rest
37.68,0.3893,rest,rest
37.70,0.3502,rest,rest
37.72,0.3470,rest,rest
37.74,0.3721,rest,rest
37.76,0.3717,rest,rest
37.78,0.3545,rest,rest
37.80,0.3586,rest,rest
37.82,0.3705,rest,rest
37.84,0.3518,rest,rest
37.86,0.3535,rest,rest
37.88,0.3971,rest,rest
37.90,0.3550,rest,rest
37.92,0.3446,rest,rest
37.94,0.3350,rest,rest
37.96,0.3766,rest,rest
37.98,0.3898,rest,rest
38.00,0.3883,rest,rest
38.02,0.3503,rest,rest
38.04,0.3707,rest,rest
38.06,0.3511,rest,rest
38.08,0.3477,rest,rest
38.10,0.3630,rest,rest
38.12,0.3802,rest,rest
38.14,0.3860,rest,rest
38.16,0.3637,rest,rest
38.18,0.3684,rest,rest
38.20,0.3867,rest,rest
38.22,0.3567,rest,rest
38.24,0.3468,rest,rest
38.26,0.3529,rest,rest
38.28,0.3159,rest,rest
38.30,0.3711,rest,rest
38.32,0.3429,rest,rest
38.34,0.4058,rest,rest
38.36,0.4000,rest,rest
38.38,0.4018,rest,rest
38.40,0.3566,rest,rest
38.42,0.3604,rest,rest
38.44,0.3413,rest,rest
38.46,0.3445,rest,rest
38.48,0.4190,rest,rest
38.50,0.3809,rest,rest
38.52,0.3397,rest,rest
38.54,0.3450,rest,rest
38.56,0.3314,rest,rest
38.58,0.3813,rest,rest
38.60,0.3537,rest,rest
38.62,0.3440,rest,rest
38.64,0.3691,rest,rest
38.66,0.3961,rest,rest
38.68,0.3272,rest,rest
38.70,0.3890,rest,rest
38.72,0.3970,rest,rest
38.74,0.3847,rest,rest
38.76,0.3419,rest,rest
38.78,0.3653,rest,rest
38.80,0.4241,rest,rest
38.82,0.3469,rest,rest
38.84,0.3582,rest,rest
38.86,0.3701,rest,rest
38.88,0.4020,rest,rest
38.90,0.4034,rest,rest
38.92,0.3723,rest,rest
38.94,0.3809,rest,rest
38.96,0.3648,rest,rest
38.98,0.3682,rest,rest
39.00,0.3512,rest,rest
39.02,0.3675,rest,rest
39.04,0.3827,rest,rest
39.06,0.3443,rest,rest
39.08,0.3849,rest,rest
39.10,0.3758,rest,rest
39.12,0.3503,rest,rest
39.14,0.3377,rest,rest
39.16,0.3885,rest,rest
39.18,0.3627,rest,rest
39.20,0.3551,rest,rest
39.22,0.3003,rest,rest
39.24,0.3711,rest,rest
39.26,0.3395,rest,rest
39.28,0.3546,rest,rest
39.30,0.3434,rest,rest
39.32,0.3272,rest,rest
39.34,0.3809,rest,rest
39.36,0.3878,rest,rest
39.38,0.3160,rest,rest
39.40,0.3083,rest,rest
39.42,0.3575,rest,rest
39.44,0.3297,rest,rest
39.46,0.3989,rest,rest
39.48,0.3658,rest,rest
39.50,0.3662,rest,rest
39.52,0.3385,rest,rest
39.54,0.3746,rest,rest
39.56,0.4171,rest,rest
39.58,0.3657,rest,rest
39.60,0.3697,rest,rest
39.62,0.3472,rest,rest
39.64,0.3418,rest,rest
39.66,0.3461,rest,rest
39.68,0.3401,rest,rest
39.70,0.3923,rest,rest
39.72,0.3669,rest,rest
39.74,0.3286,rest,rest
39.76,0.3499,rest,rest
39.78,0.3736,rest,rest
39.80,0.3372,rest,rest
39.82,0.3734,rest,rest
39.84,0.3509,rest,rest
39.86,0.3265,rest,rest
39.88,0.3476,rest,rest
39.90,0.3588,rest,rest
39.92,0.3666,rest,rest
39.94,0.3638,rest,rest
39.96,0.3936,rest,rest
39.98,0.3692,rest,rest
